Company, Location, Position, Job Type, URL
Cere Network, Europe Only, Lead Software Engineer, Full-Time, https://weworkremotely.com/remote-jobs/cere-network-lead-software-engineer
AR Workflow, Anywhere in the World, Tech Lead/Senior Software Engineer (Rails), Full-Time, https://weworkremotely.com/remote-jobs/ar-workflow-tech-lead-senior-software-engineer-rails
Sticker Mule, Anywhere in the World, Software engineer (Frontend), Full-Time, https://weworkremotely.com/remote-jobs/sticker-mule-software-engineer-frontend
Contra, Anywhere in the World, Senior Software Engineer, Full-Time, https://weworkremotely.com/remote-jobs/contra-senior-software-engineer-2
Moody's Analytics, USA Only, Senior Software Engineer/Architect, Full-Time, https://weworkremotely.com/remote-jobs/moody-s-analytics-senior-software-engineer-architect
Stimulus, Anywhere in the World, Software engineer, Full-Time, https://weworkremotely.com/remote-jobs/stimulus-software-engineer
Springboard, Anywhere in the World, Mentor - Software Engineering Career Track (Part-time/Remote), Contract, https://weworkremotely.com/remote-jobs/springboard-mentor-software-engineering-career-track-part-time-remote-3
LeadSimple  Inc., Anywhere in the World, Senior Software Engineer, Full-Time, https://weworkremotely.com/remote-jobs/leadsimple-inc-senior-software-engineer-2
Badass Software, USA Only, Badass Software Agency Seeks Awesome Flutter Engineer, Contract, https://weworkremotely.com/remote-jobs/badass-software-badass-software-agency-seeks-awesome-flutter-engineer
WagerLab - Social Sports Betting, USA Only, Lead Software Engineer (Chief Technical Officer), Full-Time, https://weworkremotely.com/remote-jobs/wagerlab-social-sports-betting-lead-software-engineer-chief-technical-officer
GetYourLawyer, Anywhere in the World, Senior Software Engineer (Laravel / Vue.js), Full-Time, https://weworkremotely.com/remote-jobs/getyourlawyer-senior-software-engineer-laravel-vue-js
Aurora Solar, Canada Only, Software Engineer  Full Stack, Full-Time, https://weworkremotely.com/remote-jobs/aurora-solar-software-engineer-full-stack
Skedda, Europe Only, Team Lead - Full-Stack Software Engineer (Remote) - Within Europe, Full-Time, https://weworkremotely.com/remote-jobs/skedda-team-lead-full-stack-software-engineer-remote-within-europe
OfficeSupply.com, USA Only, Software Engineer, Full-Time, https://weworkremotely.com/remote-jobs/officesupply-com-software-engineer
Sticker Mule, Anywhere in the World, Software Engineer (Backend), Full-Time, https://weworkremotely.com/remote-jobs/sticker-mule-software-engineer-backend
Paymentology, Anywhere in the World, Senior Software Engineer, Contract, https://weworkremotely.com/remote-jobs/paymentology-senior-software-engineer-1
Close, USA Only, Senior/Staff Software Engineer - Backend/Python - USA (100% Remote), Full-Time, https://weworkremotely.com/remote-jobs/close-senior-staff-software-engineer-backend-python-usa-100-remote
Close, Latin America Only/Europe Only/Africa Only, Software Engineer - Backend/Python (100% Remote), Full-Time, https://weworkremotely.com/remote-jobs/close-software-engineer-backend-python-100-remote-2
Doximity, USA Only, Senior Software Engineer  Data, Full-Time, https://weworkremotely.com/remote-jobs/doximity-senior-software-engineer-data
Sked Social, Asia Only/Oceania Only, Senior Software Engineer, Full-Time, https://weworkremotely.com/remote-jobs/sked-social-senior-software-engineer
Equinix, USA Only, Staff Fleet Services Software Engineer / Hardware Engineer, Full-Time, https://weworkremotely.com/remote-jobs/equinix-staff-fleet-services-software-engineer-hardware-engineer
Sticker Mule, Anywhere in the World, Software Engineer (C++), Full-Time, https://weworkremotely.com/remote-jobs/sticker-mule-software-engineer-c
Chorus One, Anywhere in the World, Golang Software Engineer, Full-Time, https://weworkremotely.com/remote-jobs/chorus-one-golang-software-engineer
XM, Anywhere in the World, Senior QA Software Test Automation Engineer (Java) – Cyprus  Greece or Remote, Full-Time, https://weworkremotely.com/remote-jobs/xm-senior-qa-software-test-automation-engineer-java-cyprus-greece-or-remote
Quicken Loans, USA Only, Senior Software Engineer, Full-Time, https://weworkremotely.com/remote-jobs/quicken-loans-senior-software-engineer
XM, Anywhere in the World, Software Engineer in Test – Python – Cyprus  Greece or Remote , Full-Time, https://weworkremotely.com/remote-jobs/xm-software-engineer-in-test-python-cyprus-greece-or-remote-3
